{"noiseKey":{"private":{"type":"Buffer","data":"IHtGforjIUMqhDeUaCAu1aTxW+lKkXEJ0vFb7Nrip1E="},"public":{"type":"Buffer","data":"iT7WjutiDh5NejvnMFCBZTJDZC8LzV7mfRTiB6fs+gw="}},"pairingEphemeralKeyPair":{"private":{"type":"Buffer","data":"oNOGoR8ZmtSiHKZJcVrBvOd8R/l9cnhSOtS469/jI34="},"public":{"type":"Buffer","data":"h7xZWIgNzHWDl9jUeI8BdIbQNn1635WtsnwXvAklKWc="}},"signedIdentityKey":{"private":{"type":"Buffer","data":"CId+urqtJowNjRNSap62ANS0xKzSZBDLZ6KgObfLiFY="},"public":{"type":"Buffer","data":"HZRLJP5FnN4Ctd+ixkXfoU3nBqcq9w8kiUuzbkSEY1A="}},"signedPreKey":{"keyPair":{"private":{"type":"Buffer","data":"WKb5pcJ964YhTkfVPUW+aQAZPr3HQ5yoWEzvxDoOJnY="},"public":{"type":"Buffer","data":"wZDAWK93d7YYz7y5ZsOkMjqYTx15E1V5s8A1BJ4pmEE="}},"signature":{"type":"Buffer","data":"KIF9kckL0y08l/w7yWeCuxOmWuehxI8IGNw1NF7Hb3QpJr2fPnm80hMJYcearrhRdrFxWaO9bQRWlTFqe6ijBA=="},"keyId":1},"registrationId":108,"advSecretKey":"wBlXTr0l9016r+dvCziaUx1oFL4W7pYhPRbp6Od9IbA=","processedHistoryMessages":[{"key":{"remoteJid":"94714906887@s.whatsapp.net","fromMe":true,"id":"1C4E58984CE35DFA6A8A55A84013D6C2"},"messageTimestamp":1726817922},{"key":{"remoteJid":"94714906887@s.whatsapp.net","fromMe":true,"id":"2A70BFC9005C081A902B8E164DA160F4"},"messageTimestamp":1726817923},{"key":{"remoteJid":"94714906887@s.whatsapp.net","fromMe":true,"id":"80321A7C7C4114D468BEF979F1A596B1"},"messageTimestamp":1726817925},{"key":{"remoteJid":"94714906887@s.whatsapp.net","fromMe":true,"id":"71A4DF3641D8352615BFAA4A4300904D"},"messageTimestamp":1726817925}],"nextPreKeyId":31,"firstUnuploadedPreKeyId":31,"accountSyncCounter":1,"accountSettings":{"unarchiveChats":false},"deviceId":"At6qQLjtTca6CnXrPqAMow","phoneId":"506ca80d-1dde-4d2c-b445-eb11183034e6","identityId":{"type":"Buffer","data":"WZdf08f6ZswsM+b/ZORRGoC91/0="},"registered":true,"backupToken":{"type":"Buffer","data":"qtUfNFmLuF/bpBZ/2Bqsi0+5kRk="},"registration":{},"pairingCode":"XGYDFWXQ","me":{"id":"94714906887:8@s.whatsapp.net","name":"H"},"account":{"details":"CLGxvt0EEP3MtLcGGAggACgA","accountSignatureKey":"Ymk6jTKqyWD1xoNzmvtJg5q/lQm0OHaO0g+oEg4JuT8=","accountSignature":"30ZAMQ/RyC3jOs64YtZVqhP/sZ1ZZbtU0LUXSjmaAmlNTvkoG0VfY7hXSimeQiipgqoc3EZYqCXlq4v9bQMIAg==","deviceSignature":"UdsDmKGL1jOH+10tImfE3mN3s2dJJWRC1heHnMyfvvY41rc1Hc6y1I/AGY0Gojyq9IkXLNss99zDfFZJjDurDg=="},"signalIdentities":[{"identifier":{"name":"94714906887:8@s.whatsapp.net","deviceId":0},"identifierKey":{"type":"Buffer","data":"BWJpOo0yqslg9caDc5r7SYOav5UJtDh2jtIPqBIOCbk/"}}],"platform":"android","lastAccountSyncTimestamp":1726817921,"myAppStateKeyId":"AAAAAEQS"}
